"Titre de l’article","Auteur","Inédit","Type de contribution","Traduction"
,,,,
"Suiggle Design Theory",,"oui","Cahier iconographique",
"Editorial","Marc Manjou","oui","Éditorial","Français"
"Recherche en design. Étude du classement des revues. Résultats préliminaires ","Ken Friedman, Deibre Barron, Silvana Ferlazzo, Tania Ivanka, Gavin Melles et Jeremy Yuille","non","Article avec appendix","Traduction française"
"Appréciation de la qualité des revues de design : le point de vue des chercheurs en design","Gerda Gemser, Cees de Bont, Paul Hekkert et Ken Friedman","non","Article + 1 page fac similé","Traduction française"
"Publication de la recherche en design : la qualité oubliée ","Paul Stiff","non","Article","Traduction française"
"Publication des revues de recherche anglophone","Anne Creigh-Type","non","Article","Anglais + introduction et premier paragraphe traduit en français"
"La recherche en design et sa publicité","Marc Monjou","oui","Article","Français"
"Amphicheirals",,"non","Fac-similé iconographique (respiration)",
,,,,
"Ark & Arc",,,,
"Entretien avec Charmian Griffin",,"oui","entretien","Français + traduction anglaise"
"Edito n°13","Chloë King","non","edito en fac similé","Anglais + traduction française"
"Discours de la licorne","Ben Freeman, Eva Kellenberg","non","article en fac similé + article traduit","Anglais + traduction française"
"The Evolution of the Paperclips that we Know and Love Today is Fraught with Intrigue and Aventure",,"non","Fac simlilé d’un cahier iconographique","Anglais"
"Au-delà de l’hybridité",,"non","Article","Anglais + traduction française"
"Anthologie/In the Archive",,"non","article en fac similé + article traduit","Anglais + traduction française"
"Article sans titre à propos d’Ark",,"Non","Texte issu de la recomposition de plusieurs articles","Traduction française"
,,,,
"The Design journal",,,,
"Design Researd and its Challenges",,"Non","Article","Anglais"
,,,,
"Graphic",,,,
"Interview with Na Kim ",,"Non","Entretien + cahier iconographique en fac-similé","Anglais + traduction française"
,,,,
,,,,
"Design & Culture",,,,
"L’homme au complet blanc",,"Non","Article","Traduit en français"
"« Un esperanto inutilisé »: Internationalisme et Design pictographique, 1930-70",,"Non","Article","Anglais + Traduit en français (article raccourci pour la traduction)"
"Power of Ten (1977) and Rough Sketch (1968), Office of Charles and Ray Eames",,"Non","Article","Anglais"
,,,,
"AA Files",,,,
"François Dallegret in Conversation with Alessandra Ponde",,"Non","Entretien","Anglais"
,,,,
"Journal of Design History",,,,
"The Discovery of the Commonplace or Establishment of an Elect : Intellectuals in the Contemporary Craftworld",,"Non","Entretien","Anglais"
"Sommaires",,"oui","Sommaires de tous les numéràs","Anglais"
,,,,
"Design Issues",,,,
"Des modes de connaissance propres au designer : discipline du design vs science du design",,"non","Article","Traduit en français"
"Le design indiscipliné",,"non","Article","Traduit en français"
"Knowing Their Space : Signs of Jim Crow in the Segregated South",,"non","Article","Anglais"
"Doctoral Education in Design : Problems and Prospects",,"non","Article","Anglais"
"Sommaires",,"oui","Sommaires de tous les numéros","Anglais"
,,,,
"Typography Papers",,,,
"Sommaires",,"oui","Sommaires de tous les numéros","Anglais"
"+ cahier iconographique des couvertures",,"oui","Cahier iconographique",
,,,,
"Collection",,,,
"Explorer le design : un panorama de quarante années de recherche en design",,"non","Article","Traduit en français"
,,,,
"Dot Dot Dot",,,,
"Why Are All These Books Orange ? / Pourquoi ces livres sont-il tous oranges ?",,"non","Article + fac similé","Anglais + Traduit en français"
"Can Vernacular Philosophy in Design Be Seen as a Part of Early Counter-Cultural yet Cognitive Design Theory ?",,"non","Article","Anglais"
"Petit bâtard, Invention et introduction d’un nouveau mot",,"non","Entretien + fac similé","Traduit en français"
"Interview triangulaire : Conversation par email avec Stuart Bailey & Peter Bil’Ak",,"non","Entretien","Traduit en français"
,,,,
"Design Studies",,,,
"40 ans de recherches en design",,"non","Article","Traduit en français"
"Sommaires",,"oui","Sommaires de tous les numéros","Anglais"
,,,,
"International Journal of Design",,,,
"International Journal of Design : une nouvelle étapes",,"non","Article","Traduction française"
"Pourquoi avons-nous besoin d’un cycle doctoral en design ?",,"non","Article","Anglais + introduction et premier paragraphe traduit en français"
,,,,
"Terrain",,,,
"L’indien, le détective et l’ethnologue",,"non","Article","Traduit en français"
,,,,
"Intermezzo","Rodolphe Dogniaux","oui","Schéma","Français"
,,,,
"Mode de Recherche",,,,
"Entretien avec Olivier Assoulay",,"oui","Entretien","Français"
,,,,
"Communication et Langages",,,,
"Parcours théoriques d’une technologie de la culture : le papier",,"non","Article","Français"
,,,,
"Information Design Journal",,,,
"Design et sémiotique","Robin Kinross","non","Article","Traduit en français"
,,,,
"Emigre",,,,
"An Interview with Steven Heller",,"non","Entretien","Anglais"
"+ cahier iconographique des couvertures et quelques pages intérieures",,"oui","Cahier iconographique","Anglais"
,,,,
"Digital Creativity",,,,
"Possibilités tangibles. Imaginer les interactions dans l’espace public",,"non","Article","Anglais avec début et conclusion traduit en français"
,,,,
"Oase",,,,
"The Model as a Plan : A Monument to Scientific Error",,"non","Article","Anglais"
"L’ornement aujourd’hui ?",,"non","Article + fac similé des iconogrpahies pleine page","Traduit en français"
,,,,
"Back Cover",,,,
"Entretien avec Alexandre Dimos",,"oui","Entretien","Français"
,,,,
"Visible Language",,,,
"Laissez les enfants nous montrer comment les aider à écrire",,"non","Article","Anglais"
"Quelques réflexions sur le design",,"non","Article","Traduit en français"
"+ cahier iconographique fac-similé",,"non","Cahier iconographique fac-similé",
"Le concept de métafonte",,"non","Article","Traduit en français"
,,,,
"Wildproject",,,,
"L’être humain est un nœud parmi d’autres nœuds, petite histoire de l’écologie urbaine. Entretien avec Nathalie Blanc, Philippe Clergeau",,"non","Entretien","Français"
"Les trames vertes dans la ville préfigurent de nouveaux paysages urbains. Entretien avec Philippe Clergeau",,"non","Entretien","Français"
,,,,
"Cahier du Post-diplôme",,,,
"Du manuel scolaire au journal d’école","Paul Buros","oui","Article + cahier iconographique",
"Biotope 1.0","Romain Le Liboux","oui","Article + cahier iconographique",
"Les images, des images","Marie-Caroline Terenne","oui","Article + cahier iconographique",
"Monuments vivants","Cécile Galicher","oui","Article",
"Le diable compose en Helvetica","Timothée Deloire","oui","Aricle",
"L’esthétique du matériau","Mathilde Gullaud","oui","Article + cahier iconographique + entretien",
"Mnémosine","Adrien Houillère","oui","Article",
"La confiture technologique","Julie Gayral","oui","Article",
"La refabrication ","Léa Barbier","oui","Article + cahier iconographique",
"Interhacktions","Jason Michel","oui","Article + cahier iconographique",
"Du bruit visuel","Léo Virieu","oui","Article",
"Écrire l’archive","Yann Alary","oui","Article",
,,,,
"Anthologie",,,,
"William Addison Dwiggins M-Formukan ou Théorie de la marionnette",,"oui","Article + cahier iconographique","Traduit en français"
,,,,
"Varia",,,,
"Brill, une maison d’édition crée un caractère",,"oui","Article + cahier iconographique","Français"
"À propos du caractère Brill",,"oui","Entretien","Français"
,,,,
"Parutions et comptes rendus",,,,
"Exposition Histoire des formes de demain, entretien avec Samuel Hackvill",,"oui","Entretien","Français"
"La Hulotte",,"oui","Article","Français"
